<?xml version="1.0" encoding="utf-8"?>
<extension version="4.0" type="plugin" group="system" method="upgrade" >
    <name>plg_system_falangquickjump</name>
    <author>Stéphane Bouey</author>
    <creationDate>16 December 2024</creationDate>
    <copyright>2011-2024, Faboba</copyright>
    <license>GNU General Public License version 2 or later; see	LICENSE.txt</license>
    <authorEmail>stephane.bouey@faboba.com</authorEmail>
    <authorUrl>www.faboba.com</authorUrl>
    <version>5.14</version>
    <description>PLG_SYSTEM_FALANGQUICKJUMP_XML_DESCRIPTION</description>
	<files>
		<filename plugin="falangquickjump">index.html</filename>
		<filename plugin="falangquickjump">falangquickjump.php</filename>
        <folder>assets</folder>
		<folder>language</folder>
        <folder>toolbar</folder>
	</files>
	<languages>
		<language tag="language/en-GB">plg_system_falangquickjump.ini</language>
		<language tag="language/en-GB">plg_system_falangquickjump.sys.ini</language>
	</languages>
	<config>
	</config>
</extension>