﻿<?xml version="1.0" ?>
<falang type="contentelement">
  <name>Banners</name>
	<author>Stéphane Bouey</author>
	<copyright>www.faboba.com</copyright>
  <version>3.6.5</version>
  <description>Definition for the core banner component</description>
  <reference>
  	<table name="banners">
  		<field type="referenceid" name="id" translate="0">ID</field>
  		<field type="titletext" name="name" translate="1">Banner Name</field>
  		<field type="text" name="clickurl" translate="1">Click URL</field>
		<field type="textarea" name="description" translate="1">Description</field>
		<field type="textarea" name="custombannercode" translate="1">Custom banner code</field>
  	</table>
   </reference>
     <translationfilters>
		 <keyword>name</keyword>
		 <published>published</published>
  </translationfilters> 
</falang>