<?xml version="1.0" ?>
<falang type="contentelement">
  <name>Article</name>
  <author>Stéphane Bouey</author>
  <version>1.1</version>
  <description>Definition for the core article component</description>
  <copyright>www.faboba.com</copyright>
  <reference type="content" frontedit="1">
  	<table name="content">
  		<field type="referenceid" name="id" translate="0">ID</field>
  		<field type="titletext" name="title"  length="50" maxlength="250" translate="1">Title</field>
  		<field type="text" name="title"  length="50" maxlength="250" translate="0">Title Alias</field>
  		<field type="text" name="alias"  length="50" maxlength="250" translate="1" posthandler="filterTitle">Alias</field>
  		<field type="htmltext" name="introtext" translate="1" prehandleroriginal="fetchArticleText" prehandlertranslation="fetchArticleTranslation" posthandler="saveArticleText" ebuttons="ignore">Article Text</field>
  		<field type="hiddentext" name="fulltext" translate="1" ebuttons="readmore">Fulltext</field>
  		<field type="textarea" name="metakey"  rows="2" columns="80" translate="1">Metakey</field>
  		<field type="textarea" name="metadesc"  rows="5" columns="80" translate="1">Metadesc</field>
  		<field type="created_date" name="created" translate="0">Created</field>
  		<field type="modified_date" name="modified" translate="0">Modified</field>
  		<field type="checked_out_by" name="checked_out" translate="0">Check out by</field>
  		<field type="checked_out_date" name="checked_out_time" translate="0">Check out date</field>
		<field type="params" name="attribs" translate="1"  posthandler="saveArticleImagesAndUrls" prehandlertranslation="fetchArticleTranslation" prehandler="preHandlerArticleImagesAndUrls">Attributes</field>
		<field type="hiddentext" name="images" translate="1">Images</field>
		<field type="hiddentext" name="urls" translate="1">Urls</field>
		<filter>c.language="*"</filter>
  	</table>
  	<component>
  		<form>com_content#content#id#task#!edit</form>
  	</component>
  </reference>
  <translationfilters>
      <category>catid</category>
	  <frontpage>id</frontpage>
  	  <author>created_by</author>
  	  <keyword>title</keyword>
  	  <published>published</published>
  	  <changed>created|modified</changed>
  	  <trash>state</trash>
  	  <archive>state</archive>
  	  <id>id</id>
  </translationfilters>
</falang>
