<?xml version="1.0" ?>
<falang type="contentelement">
  <name>Menus</name>
  <author>Stéphane Bouey</author>
  <version>1.1</version>
  <description>Definition for the core menu manager</description>
  <copyright>www.faboba.com</copyright>
  <reference>
  	<table name="menu">
  		<field type="referenceid" name="id" translate="0">ID</field>
  		<field type="titletext" name="title" translate="1">Name</field>
  		<field type="text" name="alias" translate="1" posthandler="filterName">Menu Alias</field>
        <field type="text" name="note" translate="1">Notes</field>
        <field type="readonlytext" name="link" translate="1"  posthandler="saveUrlParams" prehandler="checkUrlType">Link</field>
        <field type="readonlytext" name="path" translate="1" posthandler="saveMenuPath">Menu Path</field>
        <field type="params" name="params" translate="1"  prehandler="fetchUrlRequest">Params</field>
  		<field type="text" name="type" translate="0">Menu Type</field>
  		<field type="checked_out_by" name="checked_out" translate="0">Check out by</field>
  		<field type="checked_out_date" name="checked_out_time" translate="0">Check out date</field>
        <filter>c.client_id=0 AND c.id != 1 and c.language="*"</filter>
  	</table>
   <component>
  		<form>com_menus#menu#id#task#!edit</form>
  	</component>
  </reference>
  <translationfilters>
  	  <keyword>title</keyword>
  	  <menutype>menutype</menutype>
  	  <published>published</published>
  	  <trash>published</trash>
  </translationfilters>
 </falang>
