﻿<?xml version="1.0" ?>
<falang type="contentelement">
	<name>User Groups</name>
	<author>Stéphane Bouey</author>
	<copyright>www.faboba.com</copyright>
	<version>1.0</version>
	<description>Definition for User Groups component</description>
	<reference>
		<table name="usergroups">
			<field type="referenceid" name="id" translate="0">ID</field>
			<field type="titletext" name="title" translate="1">Title</field>
		</table>
	</reference>
    <translationfilters>
        <keyword>title</keyword>
    </translationfilters>
</falang>