<?xml version="1.0" encoding="UTF-8"?>
<extension type="component" version="1.6" method="upgrade">
	<name>FaLang</name>
	<license>Open Source License, GPL v2 based</license>
	<author>Stéphane Bouey</author>
	<authorEmail>stephane.bouey@faboba.com</authorEmail>
	<authorUrl>http://www.faboba.com</authorUrl>
	<creationDate>2011-08-31</creationDate>
	<copyright>2011, Faboba</copyright>
	<version>1.7.0</version>
	<description>
		Multilingual extention and translation manager for Joomla! 4.X
	</description>
	<check>
		<directory>/modules</directory>
		<directory>/plugins/content</directory>
		<directory>/plugins/search</directory>
		<directory>/plugins/system</directory>
		<directory>/administrator/modules</directory>
                <!-- sbou -->
		<extension name="jfcategories" type="plugin" field="enabled" value="1">element='jfcategories'</extension>
		<extension name="jfcontacts"  type="plugin" field="enabled" value="1">element='jfcontacts'</extension>
		<extension name="jfcontent"  type="plugin" field="enabled" value="1">element='jfcontent'</extension>
		<extension name="jfnewsfeeds"  type="plugin" field="enabled" value="1">element='jfnewsfeeds'</extension>
		<extension name="jfsections"  type="plugin" field="enabled" value="1">element='jfsections'</extension>
		<extension name="jfweblinks"  type="plugin" field="enabled" value="1">element='jfweblinks'</extension>
		<extension name="jfrouter"  type="plugin" field="enabled" value="1">element='jfrouter'</extension>
		<extension name="jfrouter"  type="plugin" field="ordering" value="0">folder='system'</extension>
		<extension name="jfdatabase"  type="plugin" field="enabled" value="1">element='jfdatabase'</extension>
		<extension name="jfdatabase"  type="plugin" field="ordering" value="1">folder='system'</extension>
		<extension name="jfalternative"  type="plugin" field="enabled" value="1">element='jfalternative'</extension>
		<extension name="mod_jflanguageselection"  type="modules" field="enabled" value="1">element='mod_jflanguageselection'</extension>
	 	<extension name="mod_translate"  type="modules" field="enabled" value="1">element='mod_translate'</extension>
                <!-- fin sbou -->
	 	<performance name="mySQL Driver" type="database" check_function="mysqli_connect" check_true="mysqli" check_false="mysql" optimal_value="mysqli" link="index.php?option=com_config" />
	 	<performance name="PHP Version" type="php" required="5.0.0" optimal_value="5.3.0" link="index.php?option=com_admin&amp;task=sysinfo" />
	 	<performance name="Cache" type="config" value="transcaching" optimal_value="1" link="index.php?option=com_falang" />
	</check>
</extension>