<?xml version="1.0" encoding="utf-8"?>
<extension version="4.0" type="plugin" group="system" method="upgrade">
    <name>plg_system_falangdriver</name>
    <author>Stéphane Bouey</author>
    <creationDate>16 December 2024</creationDate>
    <copyright>2011-2024, Faboba</copyright>
    <license>GNU General Public License version 2 or later; see	LICENSE.txt</license>
    <authorEmail>stephane.bouey@faboba.com</authorEmail>
    <authorUrl>www.faboba.com</authorUrl>
    <version>5.14</version>
    <description>PLG_SYSTEM_FALANGDRIVER_XML_DESCRIPTION</description>
	<files>
		<filename plugin="falangdriver">index.html</filename>
		<filename plugin="falangdriver">falangdriver.php</filename>
        <filename plugin="falangdriver">falang_database.php</filename>
        <folder>drivers</folder>
		<folder>language</folder>
        <folder>menu</folder>
        <folder>overrides</folder>
        <folder>routers</folder>
	</files>
	<languages>
		<language tag="language/en-GB">plg_falang_driver.ini</language>
		<language tag="language/en-GB">plg_falang_driver.sys.ini</language>
	</languages>
	<config>
	</config>
</extension>